filename,filepath,stage,error_type,error_message,pragma,resolved_solc_version
0x0046f822ef4e6d51a40dd87d34ab1d5f088291a4.sol,C:\SmartContracts\smartbugs-wild\contracts\0x0046f822ef4e6d51a40dd87d34ab1d5f088291a4.sol,slither,execution_error,"Traceback (most recent call last):
  File ""C:\Users\Sridha\AppData\Local\Programs\Python\Python313\Lib\site-packages\crytic_compile\platform\solc.py"", line 639, in _run_solc
    ret: dict = json.loads(stdout)
                ~~~~~~~~~~^^^^^^^^
  File ""C:\Users\Sridha\AppData\Local\Programs\Python\Python313\Lib\json\__init__.py"", line 346, in loads
    return _default_decoder.decode(s)
           ~~~~~~~~~~~~~~~~~~~~~~~^^^
  File ""C:\Users\Sridha\AppData\Local\Programs\Python\Python313\Lib\json\decoder.py"", line 345, in decode
    obj, end = self.raw_decode(s, idx=_w(s, 0).end())
               ~~~~~~~~~~~~~~~^^^^^^^^^^^^^^^^^^^^^^^
  File ""C:\Users\Sridha\AppData\Local\Programs\Python\Python313\Lib\json\decoder.py"", line 363, in raw_decode
    raise JSONDecodeError(""Expecting value"", s, err.value) from None
json.decoder.JSONDecodeError: Expecting value: line 1 column 1 (char 0)

During handling of the above exception, another exception occurred:

Traceback (most recent call last):
  File ""<frozen runpy>"", line 198, in _run_module_as_main
  File ""<frozen runpy>"", line 88, in _run_code
  File ""C:\Users\Sridha\AppData\Local\Programs\Python\Python313\Scripts\slither.exe\__main__.py"", line 5, in <module>
    sys.exit(main())
             ~~~~^^
  File ""C:\Users\Sridha\AppData\Local\Programs\Python\Python313\Lib\site-packages\slither\__main__.py"", line 815, in main
    main_impl(all_detector_classes=detectors, all_printer_classes=printers)
    ~~~~~~~~~^^^^^^^^^^^^^^^^^^^^^^^^^^^^^^^^^^^^^^^^^^^^^^^^^^^^^^^^^^^^^^
  File ""C:\Users\Sridha\AppData\Local\Programs\Python\Python313\Lib\site-packages\slither\__main__.py"", line 936, in main_impl
    ) = process_all(filename, args, detector_classes, printer_classes)
        ~~~~~~~~~~~^^^^^^^^^^^^^^^^^^^^^^^^^^^^^^^^^^^^^^^^^^^^^^^^^^^
  File ""C:\Users\Sridha\AppData\Local\Programs\Python\Python313\Lib\site-packages\slither\__main__.py"", line 100, in process_all
    compilations = compile_all(target, **vars(args))
  File ""C:\Users\Sridha\AppData\Local\Programs\Python\Python313\Lib\site-packages\crytic_compile\crytic_compile.py"", line 870, in compile_all
    compilations.append(CryticCompile(target, **kwargs))
                        ~~~~~~~~~~~~~^^^^^^^^^^^^^^^^^^
  File ""C:\Users\Sridha\AppData\Local\Programs\Python\Python313\Lib\site-packages\crytic_compile\crytic_compile.py"", line 279, in __init__
    self._compile(**kwargs)
    ~~~~~~~~~~~~~^^^^^^^^^^
  File ""C:\Users\Sridha\AppData\Local\Programs\Python\Python313\Lib\site-packages\crytic_compile\crytic_compile.py"", line 725, in _compile
    self._platform.compile(self, **kwargs)
    ~~~~~~~~~~~~~~~~~~~~~~^^^^^^^^^^^^^^^^
  File ""C:\Users\Sridha\AppData\Local\Programs\Python\Python313\Lib\site-packages\crytic_compile\platform\solc.py"", line 195, in compile
    targets_json = _get_targets_json(compilation_unit, self._target, **kwargs)
  File ""C:\Users\Sridha\AppData\Local\Programs\Python\Python313\Lib\site-packages\crytic_compile\platform\solc.py"", line 324, in _get_targets_json
    return _run_solc(
        compilation_unit,
    ...<6 lines>...
        force_legacy_json=force_legacy_json,
    )
  File ""C:\Users\Sridha\AppData\Local\Programs\Python\Python313\Lib\site-packages\crytic_compile\platform\solc.py"", line 642, in _run_solc
    raise InvalidCompilation(f""Invalid solc compilation {stderr}"")
crytic_compile.platform.exceptions.InvalidCompilation: Invalid solc compilation C:\SmartContracts\smartbugs-wild\contracts\0x0046f822ef4e6d51a40dd87d34ab1d5f088291a4.sol:766:45: Warning: ""throw"" is deprecated in favour of ""revert()"", ""require()"" and ""assert()"".

        if ((_nbytes == 0)||(_nbytes > 32)) throw;


                                            ^---^

C:\SmartContracts\smartbugs-wild\contracts\0x0046f822ef4e6d51a40dd87d34ab1d5f088291a4.sol:856:71: Warning: ""throw"" is deprecated in favour of ""revert()"", ""require()"" and ""assert()"".

        if ((_proof[0] != ""L"")||(_proof[1] != ""P"")||(_proof[2] != 1)) throw;


                                                                      ^---^

C:\SmartContracts\smartbugs-wild\contracts\0x0046f822ef4e6d51a40dd87d34ab1d5f088291a4.sol:859:37: Warning: ""throw"" is deprecated in favour of ""revert()"", ""require()"" and ""assert()"".

        if (proofVerified == false) throw;


                                    ^---^

C:\SmartContracts\smartbugs-wild\contracts\0x0046f822ef4e6d51a40dd87d34ab1d5f088291a4.sol:933:13: Warning: ""throw"" is deprecated in favour of ""revert()"", ""require()"" and ""assert()"".

            throw; // Should be a better way?


            ^---^

C:\SmartContracts\smartbugs-wild\contracts\0x0046f822ef4e6d51a40dd87d34ab1d5f088291a4.sol:1129:3: Warning: Defining constructors as functions with the same name as the contract is deprecated. Use ""constructor(...) { ... }"" instead.

  function ETH500on719() public payable {


  ^ (Relevant source part starts here and spans across multiple lines).

C:\SmartContracts\smartbugs-wild\contracts\0x0046f822ef4e6d51a40dd87d34ab1d5f088291a4.sol:780:50: Warning: ""sha3"" has been deprecated in favour of ""keccak256""

        oraclize_randomDS_setCommitment(queryId, sha3(bytes8(_delay), args[1], sha256(args[0]), args[2]));


                                                 ^-----------------------------------------------------^

C:\SmartContracts\smartbugs-wild\contracts\0x0046f822ef4e6d51a40dd87d34ab1d5f088291a4.sol:780:50: Warning: This function only accepts a single ""bytes"" argument. Please use ""abi.encodePacked(...)"" or a similar function to encode the data.

        oraclize_randomDS_setCommitment(queryId, sha3(bytes8(_delay), args[1], sha256(args[0]), args[2]));


                                                 ^-----------------------------------------------------^

C:\SmartContracts\smartbugs-wild\contracts\0x0046f822ef4e6d51a40dd87d34ab1d5f088291a4.sol:812:21: Warning: ""sha3"" has been deprecated in favour of ""keccak256""

        if (address(sha3(pubkey)) == signer) return true;


                    ^----------^

C:\SmartContracts\smartbugs-wild\contracts\0x0046f822ef4e6d51a40dd87d34ab1d5f088291a4.sol:815:29: Warning: ""sha3"" has been deprecated in favour of ""keccak256""

            return (address(sha3(pubkey)) == signer);


                            ^----------^

C:\SmartContracts\smartbugs-wild\contracts\0x0046f822ef4e6d51a40dd87d34ab1d5f088291a4.sol:830:22: Warning: Decimal literal assigned to bytesXX variable will be left-aligned. Use an explicit conversion to silence this warning.

        tosign2[0] = 1; //role


                     ^

C:\SmartContracts\smartbugs-wild\contracts\0x0046f822ef4e6d51a40dd87d34ab1d5f088291a4.sol:890:15: Warning: ""sha3"" has been deprecated in favour of ""keccak256""

        if (!(sha3(keyhash) == sha3(sha256(context_name, queryId)))) return false;


              ^-----------^

C:\SmartContracts\smartbugs-wild\contracts\0x0046f822ef4e6d51a40dd87d34ab1d5f088291a4.sol:890:37: Warning: This function only accepts a single ""bytes"" argument. Please use ""abi.encodePacked(...)"" or a similar function to encode the data.

        if (!(sha3(keyhash) == sha3(sha256(context_name, queryId)))) return false;


                                    ^---------------------------^

C:\SmartContracts\smartbugs-wild\contracts\0x0046f822ef4e6d51a40dd87d34ab1d5f088291a4.sol:890:32: Warning: ""sha3"" has been deprecated in favour of ""keccak256""

        if (!(sha3(keyhash) == sha3(sha256(context_name, queryId)))) return false;


                               ^---------------------------------^

C:\SmartContracts\smartbugs-wild\contracts\0x0046f822ef4e6d51a40dd87d34ab1d5f088291a4.sol:890:32: Warning: This function only accepts a single ""bytes"" argument. Please use ""abi.encodePacked(...)"" or a similar function to encode the data.

        if (!(sha3(keyhash) == sha3(sha256(context_name, queryId)))) return false;


                               ^---------------------------------^

C:\SmartContracts\smartbugs-wild\contracts\0x0046f822ef4e6d51a40dd87d34ab1d5f088291a4.sol:890:32: Warning: The provided argument of type bytes32 is not implicitly convertible to expected type bytes memory.

        if (!(sha3(keyhash) == sha3(sha256(context_name, queryId)))) return false;


                               ^---------------------------------^

C:\SmartContracts\smartbugs-wild\contracts\0x0046f822ef4e6d51a40dd87d34ab1d5f088291a4.sol:908:48: Warning: ""sha3"" has been deprecated in favour of ""keccak256""

        if (oraclize_randomDS_args[queryId] == sha3(commitmentSlice1, sessionPubkeyHash)){ //unonce, nbytes and sessionKeyHash match


                                               ^---------------------------------------^

C:\SmartContracts\smartbugs-wild\contracts\0x0046f822ef4e6d51a40dd87d34ab1d5f088291a4.sol:908:48: Warning: This function only accepts a single ""bytes"" argument. Please use ""abi.encodePacked(...)"" or a similar function to encode the data.

        if (oraclize_randomDS_args[queryId] == sha3(commitmentSlice1, sessionPubkeyHash)){ //unonce, nbytes and sessionKeyHash match


                                               ^---------------------------------------^

C:\SmartContracts\smartbugs-wild\contracts\0x0046f822ef4e6d51a40dd87d34ab1d5f088291a4.sol:1208:9: Warning: This function only accepts a single ""bytes"" argument. Please use ""abi.encodePacked(...)"" or a similar function to encode the data.

    if (keccak256(result) != keccak256(""0"") && keccak256(result) != keccak256(""1"")) {


        ^---------------^

C:\SmartContracts\smartbugs-wild\contracts\0x0046f822ef4e6d51a40dd87d34ab1d5f088291a4.sol:1208:9: Warning: The provided argument of type string memory is not implicitly convertible to expected type bytes memory.

    if (keccak256(result) != keccak256(""0"") && keccak256(result) != keccak256(""1"")) {


        ^---------------^

C:\SmartContracts\smartbugs-wild\contracts\0x0046f822ef4e6d51a40dd87d34ab1d5f088291a4.sol:1208:48: Warning: This function only accepts a single ""bytes"" argument. Please use ""abi.encodePacked(...)"" or a similar function to encode the data.

    if (keccak256(result) != keccak256(""0"") && keccak256(result) != keccak256(""1"")) {


                                               ^---------------^

C:\SmartContracts\smartbugs-wild\contracts\0x0046f822ef4e6d51a40dd87d34ab1d5f088291a4.sol:1208:48: Warning: The provided argument of type string memory is not implicitly convertible to expected type bytes memory.

    if (keccak256(result) != keccak256(""0"") && keccak256(result) != keccak256(""1"")) {


                                               ^---------------^

C:\SmartContracts\smartbugs-wild\contracts\0x0046f822ef4e6d51a40dd87d34ab1d5f088291a4.sol:1286:5: Warning: Invoking events without ""emit"" prefix is deprecated.

    BetMade(); // Trigger event


    ^-------^

C:\SmartContracts\smartbugs-wild\contracts\0x0046f822ef4e6d51a40dd87d34ab1d5f088291a4.sol:1292:21: Warning: Using contract member ""balance"" inherited from the address type is deprecated. Convert the contract to ""address"" type to access the member, for example use ""address(contract).balance"" instead.

    OWNERS.transfer(this.balance);


                    ^----------^

C:\SmartContracts\smartbugs-wild\contracts\0x0046f822ef4e6d51a40dd87d34ab1d5f088291a4.sol:35:5: Warning: No visibility specified. Defaulting to ""public"". 

    function query(uint _timestamp, string _datasource, string _arg) payable returns (bytes32 _id);


    ^---------------------------------------------------------------------------------------------^

C:\SmartContracts\smartbugs-wild\contracts\0x0046f822ef4e6d51a40dd87d34ab1d5f088291a4.sol:36:5: Warning: No visibility specified. Defaulting to ""public"". 

    function query_withGasLimit(uint _timestamp, string _datasource, string _arg, uint _gaslimit) payable returns (bytes32 _id);


    ^--------------------------------------------------------------------------------------------------------------------------^

C:\SmartContracts\smartbugs-wild\contracts\0x0046f822ef4e6d51a40dd87d34ab1d5f088291a4.sol:37:5: Warning: No visibility specified. Defaulting to ""public"". 

    function query2(uint _timestamp, string _datasource, string _arg1, string _arg2) payable returns (bytes32 _id);


    ^-------------------------------------------------------------------------------------------------------------^

C:\SmartContracts\smartbugs-wild\contracts\0x0046f822ef4e6d51a40dd87d34ab1d5f088291a4.sol:38:5: Warning: No visibility specified. Defaulting to ""public"". 

    function query2_withGasLimit(uint _timestamp, string _datasource, string _arg1, string _arg2, uint _gaslimit) payable returns (bytes32 _id);


    ^------------------------------------------------------------------------------------------------------------------------------------------^

C:\SmartContracts\smartbugs-wild\contracts\0x0046f822ef4e6d51a40dd87d34ab1d5f088291a4.sol:39:5: Warning: No visibility specified. Defaulting to ""public"". 

    function queryN(uint _timestamp, string _datasource, bytes _argN) payable returns (bytes32 _id);


    ^----------------------------------------------------------------------------------------------^

C:\SmartContracts\smartbugs-wild\contracts\0x0046f822ef4e6d51a40dd87d34ab1d5f088291a4.sol:40:5: Warning: No visibility specified. Defaulting to ""public"". 

    function queryN_withGasLimit(uint _timestamp, string _datasource, bytes _argN, uint _gaslimit) payable returns (bytes32 _id);


    ^---------------------------------------------------------------------------------------------------------------------------^

C:\SmartContracts\smartbugs-wild\contracts\0x0046f822ef4e6d51a40dd87d34ab1d5f088291a4.sol:41:5: Warning: No visibility specified. Defaulting to ""public"". 

    function getPrice(string _datasource) returns (uint _dsprice);


    ^------------------------------------------------------------^

C:\SmartContracts\smartbugs-wild\contracts\0x0046f822ef4e6d51a40dd87d34ab1d5f088291a4.sol:42:5: Warning: No visibility specified. Defaulting to ""public"". 

    function getPrice(string _datasource, uint gaslimit) returns (uint _dsprice);


    ^---------------------------------------------------------------------------^

C:\SmartContracts\smartbugs-wild\contracts\0x0046f822ef4e6d51a40dd87d34ab1d5f088291a4.sol:43:5: Warning: No visibility specified. Defaulting to ""public"". 

    function useCoupon(string _coupon);


    ^---------------------------------^

C:\SmartContracts\smartbugs-wild\contracts\0x0046f822ef4e6d51a40dd87d34ab1d5f088291a4.sol:44:5: Warning: No visibility specified. Defaulting to ""public"". 

    function setProofType(byte _proofType);


    ^-------------------------------------^

C:\SmartContracts\smartbugs-wild\contracts\0x0046f822ef4e6d51a40dd87d34ab1d5f088291a4.sol:45:5: Warning: No visibility specified. Defaulting to ""public"". 

    function setConfig(bytes32 _config);


    ^----------------------------------^

C:\SmartContracts\smartbugs-wild\contracts\0x0046f822ef4e6d51a40dd87d34ab1d5f088291a4.sol:46:5: Warning: No visibility specified. Defaulting to ""public"". 

    function setCustomGasPrice(uint _gasPrice);


    ^-----------------------------------------^

C:\SmartContracts\smartbugs-wild\contracts\0x0046f822ef4e6d51a40dd87d34ab1d5f088291a4.sol:47:5: Warning: No visibility specified. Defaulting to ""public"". 

    function randomDS_getSessionPubKeyHash() returns(bytes32);


    ^--------------------------------------------------------^

C:\SmartContracts\smartbugs-wild\contracts\0x0046f822ef4e6d51a40dd87d34ab1d5f088291a4.sol:50:5: Warning: No visibility specified. Defaulting to ""public"". 

    function getAddress() returns (address _addr);


    ^--------------------------------------------^

C:\SmartContracts\smartbugs-wild\contracts\0x0046f822ef4e6d51a40dd87d34ab1d5f088291a4.sol:86:34: Warning: Unused function parameter. Remove or comment out the variable name to silence this warning.

    function oraclize_setNetwork(uint8 networkID) internal returns(bool){


                                 ^-------------^

C:\SmartContracts\smartbugs-wild\contracts\0x0046f822ef4e6d51a40dd87d34ab1d5f088291a4.sol:122:5: Warning: No visibility specified. Defaulting to ""public"". 

    function __callback(bytes32 myid, string result) {


    ^ (Relevant source part starts here and spans across multiple lines).

C:\SmartContracts\smartbugs-wild\contracts\0x0046f822ef4e6d51a40dd87d34ab1d5f088291a4.sol:125:5: Warning: No visibility specified. Defaulting to ""public"". 

    function __callback(bytes32 myid, string result, bytes proof) {


    ^ (Relevant source part starts here and spans across multiple lines).

C:\SmartContracts\smartbugs-wild\contracts\0x0046f822ef4e6d51a40dd87d34ab1d5f088291a4.sol:125:25: Warning: Unused function parameter. Remove or comment out the variable name to silence this warning.

    function __callback(bytes32 myid, string result, bytes proof) {


                        ^----------^

C:\SmartContracts\smartbugs-wild\contracts\0x0046f822ef4e6d51a40dd87d34ab1d5f088291a4.sol:125:39: Warning: Unused function parameter. Remove or comment out the variable name to silence this warning.

    function __callback(bytes32 myid, string result, bytes proof) {


                                      ^-----------^

C:\SmartContracts\smartbugs-wild\contracts\0x0046f822ef4e6d51a40dd87d34ab1d5f088291a4.sol:125:54: Warning: Unused function parameter. Remove or comment out the variable name to silence this warning.

    function __callback(bytes32 myid, string result, bytes proof) {


                                                     ^---------^

C:\SmartContracts\smartbugs-wild\contracts\0x0046f822ef4e6d51a40dd87d34ab1d5f088291a4.sol:1202:55: Warning: Unused function parameter. Remove or comment out the variable name to silence this warning.

  function __callback(bytes32 queryId, string result, bytes proof) public canDetermineWinner {


                                                      ^---------^

C:\SmartContracts\smartbugs-wild\contracts\0x0046f822ef4e6d51a40dd87d34ab1d5f088291a4.sol:1315:19: Error: Division by zero.

    ownerPayout = (losingChunk - oraclizeFees) / COMMISSION; // Payout to the owner; commission of losing pot, minus the same % of the fees


                  ^---------------------------------------^

C:\SmartContracts\smartbugs-wild\contracts\0x0046f822ef4e6d51a40dd87d34ab1d5f088291a4.sol:1317:64: Error: Division by zero.

 ... oraclizeFees / COMMISSION ... 

     ^-----------------------^",pragma solidity ^0.4.11;,0.4.26
